
{
  "packages" : {
    "GTest" : {
      "version" : "1.10.0",
      "git_url" : "https://github.com/google/googletest.git",
      "git_tag" : "release-${version}"
    },
    "nvbench" : {
      "version" : "0.0",
      "git_shallow" : false,
      "git_url" : "https://github.com/NVIDIA/nvbench.git",
      "git_tag" : "12d13bdc5e74801645eba3e46a64081b9b020dca"
    },
    "nvcomp" : {
      "version" : "2.3.3",
      "git_url" : "https://github.com/NVIDIA/nvcomp.git",
      "git_tag" : "v2.2.0",
      "proprietary_binary" : {
        "x86_64-linux" : "https://developer.download.nvidia.com/compute/nvcomp/${version}/local_installers/nvcomp_install_CUDA_11.x.tgz"
      }
    },
    "rmm" : {
      "version" : "${rapids-cmake-version}",
      "git_url" : "https://github.com/rapidsai/rmm.git",
      "git_tag" : "branch-${version}"
    },
    "spdlog" : {
      "version" : "1.8.5",
      "git_url" : "https://github.com/gabime/spdlog.git",
      "git_tag" : "v${version}"
    },
    "Thrust" : {
      "version" : "1.17.0",
      "git_url" : "https://github.com/NVIDIA/thrust.git",
      "git_tag" : "${version}"
    },
    "libcudacxx" : {
      "version" : "1.8.0",
      "git_url" : "https://github.com/NVIDIA/libcudacxx.git",
      "git_tag" : "${version}"
    },
    "cuco" : {
      "version" : "0.0.1",
      "git_shallow" : false,
      "git_url" : "https://github.com/NVIDIA/cuCollections.git",
      "git_tag" : "77593b39aa72ad859d6196e0a04b40a79db5a794"
    }
  }
}
